code_muni	code_state	name_region	Cidade_Estado	municipio_sigla	pop	Cidade	Sigla	estado	Total_Casos	incidencia
1100015	11	Norte	ALTA FLORESTA D'OESTE / RONDONIA	ALTA FLORESTA D'OESTE (RO)	21494	ALTA FLORESTA D'OESTE	RO	RONDONIA	32	148.87875686238
1100023	11	Norte	ARIQUEMES / RONDONIA	ARIQUEMES (RO)	96833	ARIQUEMES	RO	RONDONIA	197	203.443041112018
1100031	11	Norte	CABIXI / RONDONIA	CABIXI (RO)	5351	CABIXI	RO	RONDONIA	38	710.147635955896
1100049	11	Norte	CACOAL / RONDONIA	CACOAL (RO)	86887	CACOAL	RO	RONDONIA	75	86.3190120501341
1100056	11	Norte	CEREJEIRAS / RONDONIA	CEREJEIRAS (RO)	15890	CEREJEIRAS	RO	RONDONIA	102	641.913152926369
1100064	11	Norte	COLORADO DO OESTE / RONDONIA	COLORADO DO OESTE (RO)	15663	COLORADO DO OESTE	RO	RONDONIA	4	25.537891847028
1100072	11	Norte	CORUMBIARA / RONDONIA	CORUMBIARA (RO)	7519	CORUMBIARA	RO	RONDONIA	5	66.4982045484772
1100080	11	Norte	COSTA MARQUES / RONDONIA	COSTA MARQUES (RO)	12627	COSTA MARQUES	RO	RONDONIA	148	1172.09154985349
1100098	11	Norte	ESPIGAO D'OESTE / RONDONIA	ESPIGAO D'OESTE (RO)	29414	ESPIGAO D'OESTE	RO	RONDONIA	66	224.382946896036
1100106	11	Norte	GUAJARA-MIRIM / RONDONIA	GUAJARA-MIRIM (RO)	39387	GUAJARA-MIRIM	RO	RONDONIA	9	22.8501789930688
1100114	11	Norte	JARU / RONDONIA	JARU (RO)	50591	JARU	RO	RONDONIA	7	13.8364531240735
1100122	11	Norte	JI-PARANA / RONDONIA	JI-PARANA (RO)	124333	JI-PARANA	RO	RONDONIA	31	24.9330427159322
1100130	11	Norte	MACHADINHO D'OESTE / RONDONIA	MACHADINHO D'OESTE (RO)	30707	MACHADINHO D'OESTE	RO	RONDONIA	120	390.790373530465
1100148	11	Norte	NOVA BRASILANDIA D'OESTE / RONDONIA	NOVA BRASILANDIA D'OESTE (RO)	15679	NOVA BRASILANDIA D'OESTE	RO	RONDONIA	10	63.7795777791951
1100155	11	Norte	OURO PRETO DO OESTE / RONDONIA	OURO PRETO DO OESTE (RO)	35044	OURO PRETO DO OESTE	RO	RONDONIA	7	19.9748887113343
1100189	11	Norte	PIMENTA BUENO / RONDONIA	PIMENTA BUENO (RO)	35079	PIMENTA BUENO	RO	RONDONIA	5	14.2535420051883
1100205	11	Norte	PORTO VELHO / RONDONIA	PORTO VELHO (RO)	460434	PORTO VELHO	RO	RONDONIA	311	67.544968442817
1100254	11	Norte	PRESIDENTE MEDICI / RONDONIA	PRESIDENTE MEDICI (RO)	19327	PRESIDENTE MEDICI	RO	RONDONIA	132	682.982356289129
1100262	11	Norte	RIO CRESPO / RONDONIA	RIO CRESPO (RO)	3471	RIO CRESPO	RO	RONDONIA	3	86.4304235090752
1100288	11	Norte	ROLIM DE MOURA / RONDONIA	ROLIM DE MOURA (RO)	56406	ROLIM DE MOURA	RO	RONDONIA	27	47.8672481650888
1100296	11	Norte	SANTA LUZIA D'OESTE / RONDONIA	SANTA LUZIA D'OESTE (RO)	7419	SANTA LUZIA D'OESTE	RO	RONDONIA	10	134.789055128724
1100304	11	Norte	VILHENA / RONDONIA	VILHENA (RO)	95832	VILHENA	RO	RONDONIA	25	26.0873194757492
1100320	11	Norte	SAO MIGUEL DO GUAPORE / RONDONIA	SAO MIGUEL DO GUAPORE (RO)	21635	SAO MIGUEL DO GUAPORE	RO	RONDONIA	11	50.8435405592789
1100338	11	Norte	NOVA MAMORE / RONDONIA	NOVA MAMORE (RO)	25444	NOVA MAMORE	RO	RONDONIA	4	15.7207986165697
1100379	11	Norte	ALTO ALEGRE DOS PARECIS / RONDONIA	ALTO ALEGRE DOS PARECIS (RO)	11479	ALTO ALEGRE DOS PARECIS	RO	RONDONIA	29	252.635246972733
1100403	11	Norte	ALTO PARAISO / RONDONIA	ALTO PARAISO (RO)	16320	ALTO PARAISO	RO	RONDONIA	3	18.3823529411765
1100452	11	Norte	BURITIS / RONDONIA	BURITIS (RO)	27992	BURITIS	RO	RONDONIA	28	100.02857959417
1100502	11	Norte	NOVO HORIZONTE DO OESTE / RONDONIA	NOVO HORIZONTE DO OESTE (RO)	7667	NOVO HORIZONTE DO OESTE	RO	RONDONIA	2	26.0858223555498
1100601	11	Norte	CACAULANDIA / RONDONIA	CACAULANDIA (RO)	4150	CACAULANDIA	RO	RONDONIA	12	289.156626506024
1100700	11	Norte	CAMPO NOVO DE RONDONIA / RONDONIA	CAMPO NOVO DE RONDONIA (RO)	8844	CAMPO NOVO DE RONDONIA	RO	RONDONIA	17	192.220714608774
1100809	11	Norte	CANDEIAS DO JAMARI / RONDONIA	CANDEIAS DO JAMARI (RO)	22310	CANDEIAS DO JAMARI	RO	RONDONIA	97	434.782608695652
1100908	11	Norte	CASTANHEIRAS / RONDONIA	CASTANHEIRAS (RO)	3233	CASTANHEIRAS	RO	RONDONIA	4	123.724095267553
1100924	11	Norte	CHUPINGUAIA / RONDONIA	CHUPINGUAIA (RO)	9324	CHUPINGUAIA	RO	RONDONIA	7	75.0750750750751
1100940	11	Norte	CUJUBIM / RONDONIA	CUJUBIM (RO)	14863	CUJUBIM	RO	RONDONIA	80	538.249344008612
1101104	11	Norte	ITAPUA DO OESTE / RONDONIA	ITAPUA DO OESTE (RO)	8548	ITAPUA DO OESTE	RO	RONDONIA	6	70.1918577445016
1101203	11	Norte	MINISTRO ANDREAZZA / RONDONIA	MINISTRO ANDREAZZA (RO)	6466	MINISTRO ANDREAZZA	RO	RONDONIA	4	61.8620476337767
1101302	11	Norte	MIRANTE DA SERRA / RONDONIA	MIRANTE DA SERRA (RO)	9235	MIRANTE DA SERRA	RO	RONDONIA	2	21.6567406605306
1101401	11	Norte	MONTE NEGRO / RONDONIA	MONTE NEGRO (RO)	11548	MONTE NEGRO	RO	RONDONIA	16	138.552130239002
1101450	11	Norte	PARECIS / RONDONIA	PARECIS (RO)	4125	PARECIS	RO	RONDONIA	1	24.2424242424242
1101468	11	Norte	PIMENTEIRAS DO OESTE / RONDONIA	PIMENTEIRAS DO OESTE (RO)	2156	PIMENTEIRAS DO OESTE	RO	RONDONIA	17	788.497217068646
1101476	11	Norte	PRIMAVERA DE RONDONIA / RONDONIA	PRIMAVERA DE RONDONIA (RO)	3076	PRIMAVERA DE RONDONIA	RO	RONDONIA	5	162.548764629389
1101484	11	Norte	SAO FELIPE D'OESTE / RONDONIA	SAO FELIPE D'OESTE (RO)	5258	SAO FELIPE D'OESTE	RO	RONDONIA	1	19.0186382655002
1101492	11	Norte	SAO FRANCISCO DO GUAPORE / RONDONIA	SAO FRANCISCO DO GUAPORE (RO)	16286	SAO FRANCISCO DO GUAPORE	RO	RONDONIA	11	67.5426746899177
1101500	11	Norte	SERINGUEIRAS / RONDONIA	SERINGUEIRAS (RO)	11171	SERINGUEIRAS	RO	RONDONIA	4	35.8070002685525
1101559	11	Norte	TEIXEIROPOLIS / RONDONIA	TEIXEIROPOLIS (RO)	4256	TEIXEIROPOLIS	RO	RONDONIA	13	305.451127819549
1101609	11	Norte	THEOBROMA / RONDONIA	THEOBROMA (RO)	8113	THEOBROMA	RO	RONDONIA	1	12.3258967089856
1101708	11	Norte	URUPA / RONDONIA	URUPA (RO)	10725	URUPA	RO	RONDONIA	5	46.6200466200466
1101807	11	Norte	VALE DO PARAISO / RONDONIA	VALE DO PARAISO (RO)	6479	VALE DO PARAISO	RO	RONDONIA	1	15.4344806297268
1200013	12	Norte	ACRELANDIA / ACRE	ACRELANDIA (AC)	14021	ACRELANDIA	AC	ACRE	14	99.8502246630055
1200054	12	Norte	ASSIS BRASIL / ACRE	ASSIS BRASIL (AC)	8100	ASSIS BRASIL	AC	ACRE	3	37.037037037037
1200104	12	Norte	BRASILEIA / ACRE	BRASILEIA (AC)	26000	BRASILEIA	AC	ACRE	11	42.3076923076923
1200138	12	Norte	BUJARI / ACRE	BUJARI (AC)	12917	BUJARI	AC	ACRE	15	116.126035457149
1200179	12	Norte	CAPIXABA / ACRE	CAPIXABA (AC)	10392	CAPIXABA	AC	ACRE	3	28.8683602771363
1200203	12	Norte	CRUZEIRO DO SUL / ACRE	CRUZEIRO DO SUL (AC)	91888	CRUZEIRO DO SUL	AC	ACRE	92	100.121887515236
1200252	12	Norte	EPITACIOLANDIA / ACRE	EPITACIOLANDIA (AC)	18757	EPITACIOLANDIA	AC	ACRE	5	26.6567148264648
1200302	12	Norte	FEIJO / ACRE	FEIJO (AC)	35426	FEIJO	AC	ACRE	7	19.7594986732908
1200328	12	Norte	JORDAO / ACRE	JORDAO (AC)	9222	JORDAO	AC	ACRE	3	32.5309043591412
1200336	12	Norte	MANCIO LIMA / ACRE	MANCIO LIMA (AC)	19294	MANCIO LIMA	AC	ACRE	23	119.208043951488
1200344	12	Norte	MANOEL URBANO / ACRE	MANOEL URBANO (AC)	11996	MANOEL URBANO	AC	ACRE	13	108.369456485495
1200351	12	Norte	MARECHAL THAUMATURGO / ACRE	MARECHAL THAUMATURGO (AC)	17093	MARECHAL THAUMATURGO	AC	ACRE	24	140.408354297081
1200385	12	Norte	PLACIDO DE CASTRO / ACRE	PLACIDO DE CASTRO (AC)	16560	PLACIDO DE CASTRO	AC	ACRE	8	48.3091787439614
1200393	12	Norte	PORTO WALTER / ACRE	PORTO WALTER (AC)	10735	PORTO WALTER	AC	ACRE	9	83.8379133674895
1200401	12	Norte	RIO BRANCO / ACRE	RIO BRANCO (AC)	364756	RIO BRANCO	AC	ACRE	187	51.2671484499227
1200427	12	Norte	RODRIGUES ALVES / ACRE	RODRIGUES ALVES (AC)	14938	RODRIGUES ALVES	AC	ACRE	10	66.9433659124381
1200450	12	Norte	SENADOR GUIOMARD / ACRE	SENADOR GUIOMARD (AC)	21454	SENADOR GUIOMARD	AC	ACRE	2	9.32227090519251
1200500	12	Norte	SENA MADUREIRA / ACRE	SENA MADUREIRA (AC)	41343	SENA MADUREIRA	AC	ACRE	16	38.7006264663909
1200609	12	Norte	TARAUACA / ACRE	TARAUACA (AC)	43467	TARAUACA	AC	ACRE	17	39.1101295235466
1200708	12	Norte	XAPURI / ACRE	XAPURI (AC)	18243	XAPURI	AC	ACRE	23	126.075755084142
1200807	12	Norte	PORTO ACRE / ACRE	PORTO ACRE (AC)	16693	PORTO ACRE	AC	ACRE	12	71.8864194572575
1300029	13	Norte	ALVARAES / AMAZONAS	ALVARAES (AM)	15866	ALVARAES	AM	AMAZONAS	58	365.561578217572
1300060	13	Norte	AMATURA / AMAZONAS	AMATURA (AM)	10819	AMATURA	AM	AMAZONAS	1	9.24299842869027
1300086	13	Norte	ANAMA / AMAZONAS	ANAMA (AM)	9962	ANAMA	AM	AMAZONAS	1	10.0381449508131
1300102	13	Norte	ANORI / AMAZONAS	ANORI (AM)	17194	ANORI	AM	AMAZONAS	7	40.7118762358962
1300201	13	Norte	ATALAIA DO NORTE / AMAZONAS	ATALAIA DO NORTE (AM)	15314	ATALAIA DO NORTE	AM	AMAZONAS	11	71.8296983152671
1300300	13	Norte	AUTAZES / AMAZONAS	AUTAZES (AM)	41564	AUTAZES	AM	AMAZONAS	4	9.6237128284092
1300409	13	Norte	BARCELOS / AMAZONAS	BARCELOS (AM)	18834	BARCELOS	AM	AMAZONAS	1	5.30954656472337
1300508	13	Norte	BARREIRINHA / AMAZONAS	BARREIRINHA (AM)	31051	BARREIRINHA	AM	AMAZONAS	11	35.425590158127
1300607	13	Norte	BENJAMIN CONSTANT / AMAZONAS	BENJAMIN CONSTANT (AM)	37648	BENJAMIN CONSTANT	AM	AMAZONAS	254	674.670633234169
1300631	13	Norte	BERURI / AMAZONAS	BERURI (AM)	20718	BERURI	AM	AMAZONAS	8	38.6137658075104
1300680	13	Norte	BOA VISTA DO RAMOS / AMAZONAS	BOA VISTA DO RAMOS (AM)	23785	BOA VISTA DO RAMOS	AM	AMAZONAS	5	21.0216523018709
1300706	13	Norte	BOCA DO ACRE / AMAZONAS	BOCA DO ACRE (AM)	35447	BOCA DO ACRE	AM	AMAZONAS	62	174.909019098936
1300805	13	Norte	BORBA / AMAZONAS	BORBA (AM)	33080	BORBA	AM	AMAZONAS	55	166.263603385732
1300839	13	Norte	CAAPIRANGA / AMAZONAS	CAAPIRANGA (AM)	13469	CAAPIRANGA	AM	AMAZONAS	1	7.42445615858638
1300904	13	Norte	CANUTAMA / AMAZONAS	CANUTAMA (AM)	16869	CANUTAMA	AM	AMAZONAS	4	23.712134684925
1301001	13	Norte	CARAUARI / AMAZONAS	CARAUARI (AM)	28742	CARAUARI	AM	AMAZONAS	117	407.069793333797
1301100	13	Norte	CAREIRO / AMAZONAS	CAREIRO (AM)	30792	CAREIRO	AM	AMAZONAS	101	328.007274616784
1301159	13	Norte	CAREIRO DA VARZEA / AMAZONAS	CAREIRO DA VARZEA (AM)	19637	CAREIRO DA VARZEA	AM	AMAZONAS	2	10.1848551204359
1301209	13	Norte	COARI / AMAZONAS	COARI (AM)	70616	COARI	AM	AMAZONAS	142	201.087572221593
1301308	13	Norte	CODAJAS / AMAZONAS	CODAJAS (AM)	23549	CODAJAS	AM	AMAZONAS	1	4.24646481803898
1301407	13	Norte	EIRUNEPE / AMAZONAS	EIRUNEPE (AM)	33170	EIRUNEPE	AM	AMAZONAS	249	750.678323786554
1301506	13	Norte	ENVIRA / AMAZONAS	ENVIRA (AM)	17186	ENVIRA	AM	AMAZONAS	6	34.9121377865705
1301605	13	Norte	FONTE BOA / AMAZONAS	FONTE BOA (AM)	25871	FONTE BOA	AM	AMAZONAS	2	7.73066367747671
1301704	13	Norte	HUMAITA / AMAZONAS	HUMAITA (AM)	57473	HUMAITA	AM	AMAZONAS	37	64.3780557827154
1301803	13	Norte	IPIXUNA / AMAZONAS	IPIXUNA (AM)	24311	IPIXUNA	AM	AMAZONAS	14	57.5871004894904
1301852	13	Norte	IRANDUBA / AMAZONAS	IRANDUBA (AM)	61163	IRANDUBA	AM	AMAZONAS	139	227.261579713225
1301902	13	Norte	ITACOATIARA / AMAZONAS	ITACOATIARA (AM)	103598	ITACOATIARA	AM	AMAZONAS	121	116.797621575706
1301951	13	Norte	ITAMARATI / AMAZONAS	ITAMARATI (AM)	10937	ITAMARATI	AM	AMAZONAS	2	18.2865502422968
1302207	13	Norte	JURUA / AMAZONAS	JURUA (AM)	10742	JURUA	AM	AMAZONAS	4	37.23701359151
1302405	13	Norte	LABREA / AMAZONAS	LABREA (AM)	45448	LABREA	AM	AMAZONAS	17	37.4053863756381
1302504	13	Norte	MANACAPURU / AMAZONAS	MANACAPURU (AM)	101883	MANACAPURU	AM	AMAZONAS	188	184.525386963478
1302553	13	Norte	MANAQUIRI / AMAZONAS	MANAQUIRI (AM)	17107	MANAQUIRI	AM	AMAZONAS	2	11.6911205939089
1302603	13	Norte	MANAUS / AMAZONAS	MANAUS (AM)	2063689	MANAUS	AM	AMAZONAS	838	40.6068937712998
1302702	13	Norte	MANICORE / AMAZONAS	MANICORE (AM)	53914	MANICORE	AM	AMAZONAS	14	25.9672812256557
1302801	13	Norte	MARAA / AMAZONAS	MARAA (AM)	15529	MARAA	AM	AMAZONAS	5	32.1978234271363
1302900	13	Norte	MAUES / AMAZONAS	MAUES (AM)	61204	MAUES	AM	AMAZONAS	44	71.8907260963336
1303007	13	Norte	NHAMUNDA / AMAZONAS	NHAMUNDA (AM)	20136	NHAMUNDA	AM	AMAZONAS	2	9.93245927691696
1303106	13	Norte	NOVA OLINDA DO NORTE / AMAZONAS	NOVA OLINDA DO NORTE (AM)	27062	NOVA OLINDA DO NORTE	AM	AMAZONAS	1	3.6952183874067
1303205	13	Norte	NOVO AIRAO / AMAZONAS	NOVO AIRAO (AM)	15761	NOVO AIRAO	AM	AMAZONAS	37	234.756677875769
1303304	13	Norte	NOVO ARIPUANA / AMAZONAS	NOVO ARIPUANA (AM)	23818	NOVO ARIPUANA	AM	AMAZONAS	7	29.3895373247124
1303403	13	Norte	PARINTINS / AMAZONAS	PARINTINS (AM)	96372	PARINTINS	AM	AMAZONAS	151	156.684514174241
1303536	13	Norte	PRESIDENTE FIGUEIREDO / AMAZONAS	PRESIDENTE FIGUEIREDO (AM)	30668	PRESIDENTE FIGUEIREDO	AM	AMAZONAS	67	218.468762227729
1303569	13	Norte	RIO PRETO DA EVA / AMAZONAS	RIO PRETO DA EVA (AM)	24936	RIO PRETO DA EVA	AM	AMAZONAS	92	368.944497914662
1303700	13	Norte	SANTO ANTONIO DO ICA / AMAZONAS	SANTO ANTONIO DO ICA (AM)	28211	SANTO ANTONIO DO ICA	AM	AMAZONAS	10	35.4471659990784
1303809	13	Norte	SAO GABRIEL DA CACHOEIRA / AMAZONAS	SAO GABRIEL DA CACHOEIRA (AM)	51795	SAO GABRIEL DA CACHOEIRA	AM	AMAZONAS	4	7.72275316150208
1303908	13	Norte	SAO PAULO DE OLIVENCA / AMAZONAS	SAO PAULO DE OLIVENCA (AM)	32967	SAO PAULO DE OLIVENCA	AM	AMAZONAS	5	15.1666818333485
1303957	13	Norte	SAO SEBASTIAO DO UATUMA / AMAZONAS	SAO SEBASTIAO DO UATUMA (AM)	11670	SAO SEBASTIAO DO UATUMA	AM	AMAZONAS	1	8.56898029134533
1304005	13	Norte	SILVES / AMAZONAS	SILVES (AM)	11559	SILVES	AM	AMAZONAS	3	25.953802232027
1304062	13	Norte	TABATINGA / AMAZONAS	TABATINGA (AM)	66764	TABATINGA	AM	AMAZONAS	44	65.9037804804985
1304104	13	Norte	TAPAUA / AMAZONAS	TAPAUA (AM)	19599	TAPAUA	AM	AMAZONAS	2	10.2046022756263
1304203	13	Norte	TEFE / AMAZONAS	TEFE (AM)	73669	TEFE	AM	AMAZONAS	145	196.826344866905
1304237	13	Norte	TONANTINS / AMAZONAS	TONANTINS (AM)	19247	TONANTINS	AM	AMAZONAS	130	675.42993713306
1304302	13	Norte	URUCARA / AMAZONAS	URUCARA (AM)	18631	URUCARA	AM	AMAZONAS	3	16.1021952659546
1304401	13	Norte	URUCURITUBA / AMAZONAS	URUCURITUBA (AM)	23945	URUCURITUBA	AM	AMAZONAS	2	8.35247442054709
1400027	14	Norte	AMAJARI / RORAIMA	AMAJARI (RR)	13927	AMAJARI	RR	RORAIMA	1	7.18029726430674
1400100	14	Norte	BOA VISTA / RORAIMA	BOA VISTA (RR)	413486	BOA VISTA	RR	RORAIMA	47	11.3667693706679
1400159	14	Norte	BONFIM / RORAIMA	BONFIM (RR)	13923	BONFIM	RR	RORAIMA	1	7.18236012353659
1400175	14	Norte	CANTA / RORAIMA	CANTA (RR)	18682	CANTA	RR	RORAIMA	10	53.527459586768
1400209	14	Norte	CARACARAI / RORAIMA	CARACARAI (RR)	20957	CARACARAI	RR	RORAIMA	50	238.58376676051
1400233	14	Norte	CAROEBE / RORAIMA	CAROEBE (RR)	10656	CAROEBE	RR	RORAIMA	5	46.9219219219219
1400282	14	Norte	IRACEMA / RORAIMA	IRACEMA (RR)	10023	IRACEMA	RR	RORAIMA	5	49.885263893046
1400308	14	Norte	MUCAJAI / RORAIMA	MUCAJAI (RR)	18095	MUCAJAI	RR	RORAIMA	44	243.161094224924
1400407	14	Norte	NORMANDIA / RORAIMA	NORMANDIA (RR)	13986	NORMANDIA	RR	RORAIMA	1	7.15000715000715
1400456	14	Norte	PACARAIMA / RORAIMA	PACARAIMA (RR)	19305	PACARAIMA	RR	RORAIMA	21	108.780108780109
1400472	14	Norte	RORAINOPOLIS / RORAIMA	RORAINOPOLIS (RR)	32647	RORAINOPOLIS	RR	RORAIMA	218	667.748950899011
1400506	14	Norte	SAO JOAO DA BALIZA / RORAIMA	SAO JOAO DA BALIZA (RR)	8858	SAO JOAO DA BALIZA	RR	RORAIMA	23	259.652291713705
1500107	15	Norte	ABAETETUBA / PARA	ABAETETUBA (PA)	158188	ABAETETUBA	PA	PARA	3	1.89647760892103
1500404	15	Norte	ALENQUER / PARA	ALENQUER (PA)	69377	ALENQUER	PA	PARA	19	27.3865978638454
1500602	15	Norte	ALTAMIRA / PARA	ALTAMIRA (PA)	126279	ALTAMIRA	PA	PARA	3	2.37569192027178
1500800	15	Norte	ANANINDEUA / PARA	ANANINDEUA (PA)	478778	ANANINDEUA	PA	PARA	8	1.67092055190506
1500909	15	Norte	AUGUSTO CORREA / PARA	AUGUSTO CORREA (PA)	44573	AUGUSTO CORREA	PA	PARA	3	6.73053193637404
1501303	15	Norte	BARCARENA / PARA	BARCARENA (PA)	126650	BARCARENA	PA	PARA	8	6.31662060797473
1501402	15	Norte	BELEM / PARA	BELEM (PA)	1303403	BELEM	PA	PARA	14	1.07411138381606
1501501	15	Norte	BENEVIDES / PARA	BENEVIDES (PA)	63567	BENEVIDES	PA	PARA	3	4.71942989286894
1501907	15	Norte	BUJARU / PARA	BUJARU (PA)	24383	BUJARU	PA	PARA	1	4.10121806176434
1502103	15	Norte	CAMETA / PARA	CAMETA (PA)	134184	CAMETA	PA	PARA	4	2.98098133905682
1502202	15	Norte	CAPANEMA / PARA	CAPANEMA (PA)	70394	CAPANEMA	PA	PARA	3	4.26172685172032
1502400	15	Norte	CASTANHAL / PARA	CASTANHAL (PA)	192256	CASTANHAL	PA	PARA	30	15.6041944074567
1502608	15	Norte	COLARES / PARA	COLARES (PA)	12868	COLARES	PA	PARA	2	15.5424308361828
1502772	15	Norte	CURIONOPOLIS / PARA	CURIONOPOLIS (PA)	19950	CURIONOPOLIS	PA	PARA	2	10.0250626566416
1502855	15	Norte	CURUA / PARA	CURUA (PA)	14117	CURUA	PA	PARA	11	77.9202380109088
1502905	15	Norte	CURUCA / PARA	CURUCA (PA)	41262	CURUCA	PA	PARA	2	4.84707479036402
1502939	15	Norte	DOM ELISEU / PARA	DOM ELISEU (PA)	58484	DOM ELISEU	PA	PARA	1	1.70986936598044
1503002	15	Norte	FARO / PARA	FARO (PA)	8728	FARO	PA	PARA	3	34.3721356553621
1503200	15	Norte	IGARAPE-ACU / PARA	IGARAPE-ACU (PA)	35797	IGARAPE-ACU	PA	PARA	3	8.38059055228092
1503408	15	Norte	INHANGAPI / PARA	INHANGAPI (PA)	10325	INHANGAPI	PA	PARA	2	19.3704600484261
1503903	15	Norte	JURUTI / PARA	JURUTI (PA)	50881	JURUTI	PA	PARA	12	23.5844421296751
1504000	15	Norte	LIMOEIRO DO AJURU / PARA	LIMOEIRO DO AJURU (PA)	29569	LIMOEIRO DO AJURU	PA	PARA	3	10.1457607629612
1504059	15	Norte	MAE DO RIO / PARA	MAE DO RIO (PA)	34353	MAE DO RIO	PA	PARA	1	2.91095391959945
1504307	15	Norte	MARACANA / PARA	MARACANA (PA)	25971	MARACANA	PA	PARA	2	7.7008971545185
1504422	15	Norte	MARITUBA / PARA	MARITUBA (PA)	111785	MARITUBA	PA	PARA	2	1.78914881245248
1504455	15	Norte	MEDICILANDIA / PARA	MEDICILANDIA (PA)	27094	MEDICILANDIA	PA	PARA	3	11.072562190891
1504703	15	Norte	MOJU / PARA	MOJU (PA)	84094	MOJU	PA	PARA	1	1.18914548005803
1504802	15	Norte	MONTE ALEGRE / PARA	MONTE ALEGRE (PA)	60012	MONTE ALEGRE	PA	PARA	19	31.6603345997467
1504901	15	Norte	MUANA / PARA	MUANA (PA)	45368	MUANA	PA	PARA	1	2.20419679068947
1505007	15	Norte	NOVA TIMBOTEUA / PARA	NOVA TIMBOTEUA (PA)	12806	NOVA TIMBOTEUA	PA	PARA	2	15.617679212869
1505064	15	Norte	NOVO REPARTIMENTO / PARA	NOVO REPARTIMENTO (PA)	60732	NOVO REPARTIMENTO	PA	PARA	1	1.64657841006389
1505304	15	Norte	ORIXIMINA / PARA	ORIXIMINA (PA)	68294	ORIXIMINA	PA	PARA	2	2.92851495006882
1505486	15	Norte	PACAJA / PARA	PACAJA (PA)	41097	PACAJA	PA	PARA	1	2.43326763510719
1505536	15	Norte	PARAUAPEBAS / PARA	PARAUAPEBAS (PA)	267836	PARAUAPEBAS	PA	PARA	2	0.746725608208008
1505601	15	Norte	PEIXE-BOI / PARA	PEIXE-BOI (PA)	8285	PEIXE-BOI	PA	PARA	7	84.4900422450211
1506351	15	Norte	SANTA BARBARA DO PARA / PARA	SANTA BARBARA DO PARA (PA)	21087	SANTA BARBARA DO PARA	PA	PARA	2	9.48451652677005
1506807	15	Norte	SANTAREM / PARA	SANTAREM (PA)	331942	SANTAREM	PA	PARA	4	1.20502979436167
1507201	15	Norte	SAO DOMINGOS DO CAPIM / PARA	SAO DOMINGOS DO CAPIM (PA)	30599	SAO DOMINGOS DO CAPIM	PA	PARA	4	13.0723226249224
1507409	15	Norte	SAO FRANCISCO DO PARA / PARA	SAO FRANCISCO DO PARA (PA)	14894	SAO FRANCISCO DO PARA	PA	PARA	1	6.71411306566403
1507474	15	Norte	SAO JOAO DE PIRABAS / PARA	SAO JOAO DE PIRABAS (PA)	20689	SAO JOAO DE PIRABAS	PA	PARA	1	4.8334863937358
1507706	15	Norte	SAO SEBASTIAO DA BOA VISTA / PARA	SAO SEBASTIAO DA BOA VISTA (PA)	25643	SAO SEBASTIAO DA BOA VISTA	PA	PARA	2	7.79939944624264
1508001	15	Norte	TOME-ACU / PARA	TOME-ACU (PA)	67585	TOME-ACU	PA	PARA	2	2.95923651697862
1508035	15	Norte	TRACUATEUA / PARA	TRACUATEUA (PA)	28595	TRACUATEUA	PA	PARA	1	3.49711488022382
1508084	15	Norte	TUCUMA / PARA	TUCUMA (PA)	39550	TUCUMA	PA	PARA	1	2.52844500632111
1508100	15	Norte	TUCURUI / PARA	TUCURUI (PA)	91306	TUCURUI	PA	PARA	2	2.19043655400521
1508209	15	Norte	VIGIA / PARA	VIGIA (PA)	50832	VIGIA	PA	PARA	1	1.96726471514007
1508308	15	Norte	VISEU / PARA	VISEU (PA)	58692	VISEU	PA	PARA	1	1.70380971853063
1600303	16	Norte	MACAPA / AMAPA	MACAPA (AP)	442933	MACAPA	AP	AMAPA	3	0.677303339331231
1600402	16	Norte	MAZAGAO / AMAPA	MAZAGAO (AP)	21924	MAZAGAO	AP	AMAPA	22	100.34665207079
1600600	16	Norte	SANTANA / AMAPA	SANTANA (AP)	107618	SANTANA	AP	AMAPA	2	1.85842517051051
1701101	17	Norte	APARECIDA DO RIO NEGRO / TOCANTINS	APARECIDA DO RIO NEGRO (TO)	4856	APARECIDA DO RIO NEGRO	TO	TOCANTINS	1	20.5930807248764
1702109	17	Norte	ARAGUAINA / TOCANTINS	ARAGUAINA (TO)	171301	ARAGUAINA	TO	TOCANTINS	1	0.583767753836814
1702208	17	Norte	ARAGUATINS / TOCANTINS	ARAGUATINS (TO)	31918	ARAGUATINS	TO	TOCANTINS	1	3.13302838523717
1703909	17	Norte	CASEARA / TOCANTINS	CASEARA (TO)	4847	CASEARA	TO	TOCANTINS	3	61.893955023726
1721000	17	Norte	PALMAS / TOCANTINS	PALMAS (TO)	302692	PALMAS	TO	TOCANTINS	3	0.99110647126452
2100055	21	Nordeste	ACAILANDIA / MARANHAO	ACAILANDIA (MA)	106550	ACAILANDIA	MA	MARANHAO	1	0.938526513374003
2100105	21	Nordeste	AFONSO CUNHA / MARANHAO	AFONSO CUNHA (MA)	6144	AFONSO CUNHA	MA	MARANHAO	1	16.2760416666667
2100808	21	Nordeste	ANAPURUS / MARANHAO	ANAPURUS (MA)	13793	ANAPURUS	MA	MARANHAO	1	7.25005437540782
2101202	21	Nordeste	BACABAL / MARANHAO	BACABAL (MA)	103711	BACABAL	MA	MARANHAO	1	0.964217874670961
2101251	21	Nordeste	BACABEIRA / MARANHAO	BACABEIRA (MA)	16966	BACABEIRA	MA	MARANHAO	6	35.3648473417423
2103000	21	Nordeste	CAXIAS / MARANHAO	CAXIAS (MA)	156973	CAXIAS	MA	MARANHAO	3	1.91115669573748
2103208	21	Nordeste	CHAPADINHA / MARANHAO	CHAPADINHA (MA)	81386	CHAPADINHA	MA	MARANHAO	2	2.45742510996977
2103257	21	Nordeste	CIDELANDIA / MARANHAO	CIDELANDIA (MA)	12878	CIDELANDIA	MA	MARANHAO	13	100.947352073303
2104651	21	Nordeste	GOVERNADOR NEWTON BELLO / MARANHAO	GOVERNADOR NEWTON BELLO (MA)	10713	GOVERNADOR NEWTON BELLO	MA	MARANHAO	1	9.33445346774946
2105302	21	Nordeste	IMPERATRIZ / MARANHAO	IMPERATRIZ (MA)	273110	IMPERATRIZ	MA	MARANHAO	1	0.366152832192157
2107704	21	Nordeste	PARAIBANO / MARANHAO	PARAIBANO (MA)	18274	PARAIBANO	MA	MARANHAO	3	16.4167669913538
2108603	21	Nordeste	PINHEIRO / MARANHAO	PINHEIRO (MA)	84621	PINHEIRO	MA	MARANHAO	1	1.18173975727065
2109601	21	Nordeste	ROSARIO / MARANHAO	ROSARIO (MA)	38475	ROSARIO	MA	MARANHAO	5	12.9954515919428
2110203	21	Nordeste	SANTA RITA / MARANHAO	SANTA RITA (MA)	37035	SANTA RITA	MA	MARANHAO	5	13.5007425408397
2111300	21	Nordeste	SAO LUIS / MARANHAO	SAO LUIS (MA)	1037775	SAO LUIS	MA	MARANHAO	6	0.5781600057816
2111631	21	Nordeste	SAO RAIMUNDO DO DOCA BEZERRA / MARANHAO	SAO RAIMUNDO DO DOCA BEZERRA (MA)	5650	SAO RAIMUNDO DO DOCA BEZERRA	MA	MARANHAO	1	17.6991150442478
2200400	22	Nordeste	ALTOS / PIAUI	ALTOS (PI)	47453	ALTOS	PI	PIAUI	2	4.21469664720882
2200509	22	Nordeste	AMARANTE / PIAUI	AMARANTE (PI)	17234	AMARANTE	PI	PIAUI	17	98.6422188696762
2202901	22	Nordeste	CORRENTE / PIAUI	CORRENTE (PI)	27278	CORRENTE	PI	PIAUI	2	7.33191582960628
2205102	22	Nordeste	ITAUEIRA / PIAUI	ITAUEIRA (PI)	10323	ITAUEIRA	PI	PIAUI	1	9.68710646130001
2205250	22	Nordeste	JARDIM DO MULATO / PIAUI	JARDIM DO MULATO (PI)	4180	JARDIM DO MULATO	PI	PIAUI	4	95.6937799043062
2205953	22	Nordeste	MARCOLANDIA / PIAUI	MARCOLANDIA (PI)	8533	MARCOLANDIA	PI	PIAUI	1	11.719207781554
2207504	22	Nordeste	PALMEIRAIS / PIAUI	PALMEIRAIS (PI)	13264	PALMEIRAIS	PI	PIAUI	1	7.53920386007238
2211001	22	Nordeste	TERESINA / PIAUI	TERESINA (PI)	866300	TERESINA	PI	PIAUI	13	1.50063488398938
2301406	23	Nordeste	ARATUBA / CEARA	ARATUBA (CE)	11224	ARATUBA	CE	CEARA	10	89.0947968638632
2305233	23	Nordeste	HORIZONTE / CEARA	HORIZONTE (CE)	74755	HORIZONTE	CE	CEARA	1	1.33770316366798
2307650	23	Nordeste	MARACANAU / CEARA	MARACANAU (CE)	234509	MARACANAU	CE	CEARA	1	0.426422866499793
2309102	23	Nordeste	MULUNGU / CEARA	MULUNGU (CE)	10569	MULUNGU	CE	CEARA	3	28.3848992336077
2309805	23	Nordeste	PACOTI / CEARA	PACOTI (CE)	11186	PACOTI	CE	CEARA	11	98.3372072233149
2310100	23	Nordeste	PALMACIA / CEARA	PALMACIA (CE)	10242	PALMACIA	CE	CEARA	3	29.2911540714704
2311603	23	Nordeste	REDENCAO / CEARA	REDENCAO (CE)	27214	REDENCAO	CE	CEARA	12	44.0949511280958
2313500	23	Nordeste	TRAIRI / CEARA	TRAIRI (CE)	58415	TRAIRI	CE	CEARA	1	1.71188906958829
2403251	24	Nordeste	PARNAMIRIM / RIO GRANDE DO NORTE	PARNAMIRIM (RN)	252716	PARNAMIRIM	RN	RIO GRANDE DO NORTE	2	0.791402206429352
2408102	24	Nordeste	NATAL / RIO GRANDE DO NORTE	NATAL (RN)	751300	NATAL	RN	RIO GRANDE DO NORTE	1	0.133102622121656
2411056	24	Nordeste	TIBAU / RIO GRANDE DO NORTE	TIBAU (RN)	5382	TIBAU	RN	RIO GRANDE DO NORTE	1	18.5804533630621
2412609	24	Nordeste	SAO PAULO DO POTENGI / RIO GRANDE DO NORTE	SAO PAULO DO POTENGI (RN)	16786	SAO PAULO DO POTENGI	RN	RIO GRANDE DO NORTE	1	5.95734540688669
2501401	25	Nordeste	BAIA DA TRAICAO / PARAIBA	BAIA DA TRAICAO (PB)	9224	BAIA DA TRAICAO	PB	PARAIBA	1	10.8412836079792
2507507	25	Nordeste	JOAO PESSOA / PARAIBA	JOAO PESSOA (PB)	833932	JOAO PESSOA	PB	PARAIBA	3	0.359741561662102
2512200	25	Nordeste	PRATA / PARAIBA	PRATA (PB)	3915	PRATA	PB	PARAIBA	1	25.5427841634738
2513901	25	Nordeste	SAO BENTO / PARAIBA	SAO BENTO (PB)	32235	SAO BENTO	PB	PARAIBA	1	3.10221808593144
2600401	26	Nordeste	AGUA PRETA / PERNAMBUCO	AGUA PRETA (PE)	26461	AGUA PRETA	PE	PERNAMBUCO	1	3.77914666868221
2600708	26	Nordeste	ALIANCA / PERNAMBUCO	ALIANCA (PE)	35741	ALIANCA	PE	PERNAMBUCO	1	2.79790716544025
2602902	26	Nordeste	CABO DE SANTO AGOSTINHO / PERNAMBUCO	CABO DE SANTO AGOSTINHO (PE)	203440	CABO DE SANTO AGOSTINHO	PE	PERNAMBUCO	3	1.47463625639009
2603454	26	Nordeste	CAMARAGIBE / PERNAMBUCO	CAMARAGIBE (PE)	147771	CAMARAGIBE	PE	PERNAMBUCO	1	0.67672276698405
2604106	26	Nordeste	CARUARU / PERNAMBUCO	CARUARU (PE)	378048	CARUARU	PE	PERNAMBUCO	1	0.2645166751312
2604205	26	Nordeste	CATENDE / PERNAMBUCO	CATENDE (PE)	32156	CATENDE	PE	PERNAMBUCO	3	9.3295185968404
2607208	26	Nordeste	IPOJUCA / PERNAMBUCO	IPOJUCA (PE)	98932	IPOJUCA	PE	PERNAMBUCO	7	7.07556705615979
2607604	26	Nordeste	ILHA DE ITAMARACA / PERNAMBUCO	ILHA DE ITAMARACA (PE)	24540	ILHA DE ITAMARACA	PE	PERNAMBUCO	1	4.07497962510187
2607901	26	Nordeste	JABOATAO DOS GUARARAPES / PERNAMBUCO	JABOATAO DOS GUARARAPES (PE)	644037	JABOATAO DOS GUARARAPES	PE	PERNAMBUCO	2	0.310541164560421
2607950	26	Nordeste	JAQUEIRA / PERNAMBUCO	JAQUEIRA (PE)	10247	JAQUEIRA	PE	PERNAMBUCO	49	478.188738167269
2609204	26	Nordeste	MARAIAL / PERNAMBUCO	MARAIAL (PE)	9359	MARAIAL	PE	PERNAMBUCO	3	32.0547066994337
2609402	26	Nordeste	MORENO / PERNAMBUCO	MORENO (PE)	55292	MORENO	PE	PERNAMBUCO	5	9.04289951530058
2610004	26	Nordeste	PALMARES / PERNAMBUCO	PALMARES (PE)	54584	PALMARES	PE	PERNAMBUCO	1	1.83203869265719
2611309	26	Nordeste	POMBOS / PERNAMBUCO	POMBOS (PE)	27552	POMBOS	PE	PERNAMBUCO	2	7.25900116144019
2611606	26	Nordeste	RECIFE / PERNAMBUCO	RECIFE (PE)	1488920	RECIFE	PE	PERNAMBUCO	1	0.0671627757031943
2611903	26	Nordeste	RIO FORMOSO / PERNAMBUCO	RIO FORMOSO (PE)	20009	RIO FORMOSO	PE	PERNAMBUCO	15	74.9662651806687
2615300	26	Nordeste	TIMBAUBA / PERNAMBUCO	TIMBAUBA (PE)	46147	TIMBAUBA	PE	PERNAMBUCO	9	19.5028929291178
2616506	26	Nordeste	XEXEU / PERNAMBUCO	XEXEU (PE)	11611	XEXEU	PE	PERNAMBUCO	1	8.61252260787185
2700300	27	Nordeste	ARAPIRACA / ALAGOAS	ARAPIRACA (AL)	234696	ARAPIRACA	AL	ALAGOAS	1	0.426083103248458
2804805	28	Nordeste	NOSSA SENHORA DO SOCORRO / SERGIPE	NOSSA SENHORA DO SOCORRO (SE)	192330	NOSSA SENHORA DO SOCORRO	SE	SERGIPE	1	0.519939686996308
2806701	28	Nordeste	SAO CRISTOVAO / SERGIPE	SAO CRISTOVAO (SE)	95612	SAO CRISTOVAO	SE	SERGIPE	1	1.04589382085931
2900306	29	Nordeste	ACAJUTIBA / BAHIA	ACAJUTIBA (BA)	13795	ACAJUTIBA	BA	BAHIA	4	28.9960130482059
2900702	29	Nordeste	ALAGOINHAS / BAHIA	ALAGOINHAS (BA)	151055	ALAGOINHAS	BA	BAHIA	1	0.662010525967363
2901007	29	Nordeste	AMARGOSA / BAHIA	AMARGOSA (BA)	36521	AMARGOSA	BA	BAHIA	66	180.717943101229
2901106	29	Nordeste	AMELIA RODRIGUES / BAHIA	AMELIA RODRIGUES (BA)	24138	AMELIA RODRIGUES	BA	BAHIA	2	8.28569061231254
2902302	29	Nordeste	ARATUIPE / BAHIA	ARATUIPE (BA)	8677	ARATUIPE	BA	BAHIA	2	23.0494410510545
2902401	29	Nordeste	AURELINO LEAL / BAHIA	AURELINO LEAL (BA)	11179	AURELINO LEAL	BA	BAHIA	3	26.8360318454245
2902906	29	Nordeste	BARRA DO CHOCA / BAHIA	BARRA DO CHOCA (BA)	36539	BARRA DO CHOCA	BA	BAHIA	1	2.73680177344755
2904704	29	Nordeste	BUERAREMA / BAHIA	BUERAREMA (BA)	14804	BUERAREMA	BA	BAHIA	1	6.75493109970278
2904803	29	Nordeste	CAATIBA / BAHIA	CAATIBA (BA)	6205	CAATIBA	BA	BAHIA	2	32.232070910556
2904902	29	Nordeste	CACHOEIRA / BAHIA	CACHOEIRA (BA)	29250	CACHOEIRA	BA	BAHIA	1	3.41880341880342
2905404	29	Nordeste	CAIRU / BAHIA	CAIRU (BA)	17761	CAIRU	BA	BAHIA	7	39.4121952592759
2905602	29	Nordeste	CAMACAN / BAHIA	CAMACAN (BA)	22579	CAMACAN	BA	BAHIA	2	8.85778821028389
2905701	29	Nordeste	CAMACARI / BAHIA	CAMACARI (BA)	300372	CAMACARI	BA	BAHIA	3	0.998761535695737
2905800	29	Nordeste	CAMAMU / BAHIA	CAMAMU (BA)	30469	CAMAMU	BA	BAHIA	42	137.845022810069
2907301	29	Nordeste	CASTRO ALVES / BAHIA	CASTRO ALVES (BA)	24712	CASTRO ALVES	BA	BAHIA	1	4.04661702816446
2908309	29	Nordeste	CONCEICAO DO ALMEIDA / BAHIA	CONCEICAO DO ALMEIDA (BA)	15794	CONCEICAO DO ALMEIDA	BA	BAHIA	1	6.33151829808788
2908507	29	Nordeste	CONCEICAO DO JACUIPE / BAHIA	CONCEICAO DO JACUIPE (BA)	35308	CONCEICAO DO JACUIPE	BA	BAHIA	1	2.83221932706469
2910305	29	Nordeste	ELISIO MEDRADO / BAHIA	ELISIO MEDRADO (BA)	7808	ELISIO MEDRADO	BA	BAHIA	26	332.991803278689
2910727	29	Nordeste	EUNAPOLIS / BAHIA	EUNAPOLIS (BA)	113710	EUNAPOLIS	BA	BAHIA	1	0.879430129276229
2910800	29	Nordeste	FEIRA DE SANTANA / BAHIA	FEIRA DE SANTANA (BA)	616272	FEIRA DE SANTANA	BA	BAHIA	4	0.649064049640419
2911204	29	Nordeste	GANDU / BAHIA	GANDU (BA)	32178	GANDU	BA	BAHIA	83	257.940207595251
2912103	29	Nordeste	IBICARAI / BAHIA	IBICARAI (BA)	21665	IBICARAI	BA	BAHIA	1	4.61573967228248
2912707	29	Nordeste	IBIRAPITANGA / BAHIA	IBIRAPITANGA (BA)	25344	IBIRAPITANGA	BA	BAHIA	3	11.8371212121212
2913457	29	Nordeste	IGRAPIUNA / BAHIA	IGRAPIUNA (BA)	13151	IGRAPIUNA	BA	BAHIA	26	197.703596684663
2913606	29	Nordeste	ILHEUS / BAHIA	ILHEUS (BA)	178649	ILHEUS	BA	BAHIA	110	61.5732525790796
2914802	29	Nordeste	ITABUNA / BAHIA	ITABUNA (BA)	186708	ITABUNA	BA	BAHIA	22	11.7831051695696
2914901	29	Nordeste	ITACARE / BAHIA	ITACARE (BA)	27704	ITACARE	BA	BAHIA	4	14.4383482529599
2915205	29	Nordeste	ITAGIBA / BAHIA	ITAGIBA (BA)	15310	ITAGIBA	BA	BAHIA	3	19.5950359242325
2915601	29	Nordeste	ITAMARAJU / BAHIA	ITAMARAJU (BA)	59605	ITAMARAJU	BA	BAHIA	7	11.7439812096301
2915700	29	Nordeste	ITAMARI / BAHIA	ITAMARI (BA)	7051	ITAMARI	BA	BAHIA	3	42.5471564317118
2917300	29	Nordeste	ITUBERA / BAHIA	ITUBERA (BA)	21902	ITUBERA	BA	BAHIA	42	191.763309286823
2917508	29	Nordeste	JACOBINA / BAHIA	JACOBINA (BA)	82590	JACOBINA	BA	BAHIA	1	1.21080033902409
2917607	29	Nordeste	JAGUAQUARA / BAHIA	JAGUAQUARA (BA)	45964	JAGUAQUARA	BA	BAHIA	1	2.17561569924289
2917805	29	Nordeste	JAGUARIPE / BAHIA	JAGUARIPE (BA)	17659	JAGUARIPE	BA	BAHIA	40	226.513392604338
2918001	29	Nordeste	JEQUIE / BAHIA	JEQUIE (BA)	158813	JEQUIE	BA	BAHIA	3	1.88901412352893
2918209	29	Nordeste	JIQUIRICA / BAHIA	JIQUIRICA (BA)	13629	JIQUIRICA	BA	BAHIA	2	14.6745909457774
2918308	29	Nordeste	JITAUNA / BAHIA	JITAUNA (BA)	14355	JITAUNA	BA	BAHIA	3	20.8986415882968
2918803	29	Nordeste	LAJE / BAHIA	LAJE (BA)	21052	LAJE	BA	BAHIA	29	137.754132623979
2919207	29	Nordeste	LAURO DE FREITAS / BAHIA	LAURO DE FREITAS (BA)	203331	LAURO DE FREITAS	BA	BAHIA	1	0.49180892239747
2919926	29	Nordeste	MADRE DE DEUS / BAHIA	MADRE DE DEUS (BA)	18504	MADRE DE DEUS	BA	BAHIA	2	10.8084738434933
2920601	29	Nordeste	MARAGOGIPE / BAHIA	MARAGOGIPE (BA)	35859	MARAGOGIPE	BA	BAHIA	3	8.36610056052874
2922201	29	Nordeste	MUNIZ FERREIRA / BAHIA	MUNIZ FERREIRA (BA)	7190	MUNIZ FERREIRA	BA	BAHIA	14	194.71488178025
2922409	29	Nordeste	MUTUIPE / BAHIA	MUTUIPE (BA)	20037	MUTUIPE	BA	BAHIA	23	114.787642860708
2922508	29	Nordeste	NAZARE / BAHIA	NAZARE (BA)	27060	NAZARE	BA	BAHIA	2	7.3909830007391
2922706	29	Nordeste	NOVA CANAA / BAHIA	NOVA CANAA (BA)	13715	NOVA CANAA	BA	BAHIA	1	7.29128691213999
2924678	29	Nordeste	PIRAI DO NORTE / BAHIA	PIRAI DO NORTE (BA)	10974	PIRAI DO NORTE	BA	BAHIA	4	36.4497904137051
2925303	29	Nordeste	PORTO SEGURO / BAHIA	PORTO SEGURO (BA)	168326	PORTO SEGURO	BA	BAHIA	6	3.56451172130271
2925758	29	Nordeste	PRESIDENTE TANCREDO NEVES / BAHIA	PRESIDENTE TANCREDO NEVES (BA)	27734	PRESIDENTE TANCREDO NEVES	BA	BAHIA	16	57.6909208913247
2927408	29	Nordeste	SALVADOR / BAHIA	SALVADOR (BA)	2417678	SALVADOR	BA	BAHIA	17	0.703154018028869
2928703	29	Nordeste	SANTO ANTONIO DE JESUS / BAHIA	SANTO ANTONIO DE JESUS (BA)	103055	SANTO ANTONIO DE JESUS	BA	BAHIA	14	13.5849788947649
2929107	29	Nordeste	SAO FELIPE / BAHIA	SAO FELIPE (BA)	20283	SAO FELIPE	BA	BAHIA	9	44.3721342996598
2929354	29	Nordeste	SAO JOSE DA VITORIA / BAHIA	SAO JOSE DA VITORIA (BA)	5315	SAO JOSE DA VITORIA	BA	BAHIA	1	18.8146754468485
2929404	29	Nordeste	SAO MIGUEL DAS MATAS / BAHIA	SAO MIGUEL DAS MATAS (BA)	10334	SAO MIGUEL DAS MATAS	BA	BAHIA	6	58.0607702728856
2931202	29	Nordeste	TAPEROA / BAHIA	TAPEROA (BA)	18044	TAPEROA	BA	BAHIA	37	205.054311682554
2931350	29	Nordeste	TEIXEIRA DE FREITAS / BAHIA	TEIXEIRA DE FREITAS (BA)	145216	TEIXEIRA DE FREITAS	BA	BAHIA	1	0.688629352137506
2931608	29	Nordeste	TEOLANDIA / BAHIA	TEOLANDIA (BA)	15332	TEOLANDIA	BA	BAHIA	43	280.45917036264
2932101	29	Nordeste	UBAIRA / BAHIA	UBAIRA (BA)	18626	UBAIRA	BA	BAHIA	3	16.1065177708579
2932309	29	Nordeste	UBATA / BAHIA	UBATA (BA)	16094	UBATA	BA	BAHIA	2	12.4269914253759
2932507	29	Nordeste	UNA / BAHIA	UNA (BA)	18131	UNA	BA	BAHIA	2	11.0308311731289
2932705	29	Nordeste	URUCUCA / BAHIA	URUCUCA (BA)	21420	URUCUCA	BA	BAHIA	68	317.460317460317
2932903	29	Nordeste	VALENCA / BAHIA	VALENCA (BA)	85655	VALENCA	BA	BAHIA	14	16.344638374876
2933505	29	Nordeste	WENCESLAU GUIMARAES / BAHIA	WENCESLAU GUIMARAES (BA)	24474	WENCESLAU GUIMARAES	BA	BAHIA	4	16.343875132794
3104700	31	Sudeste	ATALEIA / MINAS GERAIS	ATALEIA (MG)	13736	ATALEIA	MG	MINAS GERAIS	1	7.28013977868375
3106200	31	Sudeste	BELO HORIZONTE / MINAS GERAIS	BELO HORIZONTE (MG)	2315560	BELO HORIZONTE	MG	MINAS GERAIS	1	0.0431860975314827
3110301	31	Sudeste	CALDAS / MINAS GERAIS	CALDAS (MG)	14217	CALDAS	MG	MINAS GERAIS	1	7.03383273545755
3118007	31	Sudeste	CONGONHAS / MINAS GERAIS	CONGONHAS (MG)	52890	CONGONHAS	MG	MINAS GERAIS	1	1.89071658158442
3119401	31	Sudeste	CORONEL FABRICIANO / MINAS GERAIS	CORONEL FABRICIANO (MG)	104736	CORONEL FABRICIANO	MG	MINAS GERAIS	30	28.6434463794684
3125606	31	Sudeste	FELISBURGO / MINAS GERAIS	FELISBURGO (MG)	6489	FELISBURGO	MG	MINAS GERAIS	1	15.4106950223455
3127503	31	Sudeste	GONZAGA / MINAS GERAIS	GONZAGA (MG)	5230	GONZAGA	MG	MINAS GERAIS	1	19.1204588910134
3131307	31	Sudeste	IPATINGA / MINAS GERAIS	IPATINGA (MG)	227731	IPATINGA	MG	MINAS GERAIS	3	1.31734370814689
3131802	31	Sudeste	ITABIRINHA / MINAS GERAIS	ITABIRINHA (MG)	10362	ITABIRINHA	MG	MINAS GERAIS	1	9.65064659332175
3132701	31	Sudeste	ITAMBACURI / MINAS GERAIS	ITAMBACURI (MG)	21042	ITAMBACURI	MG	MINAS GERAIS	2	9.5047999239616
3136108	31	Sudeste	JOANESIA / MINAS GERAIS	JOANESIA (MG)	4329	JOANESIA	MG	MINAS GERAIS	30	693.000693000693
3136801	31	Sudeste	JURAMENTO / MINAS GERAIS	JURAMENTO (MG)	3768	JURAMENTO	MG	MINAS GERAIS	1	26.5392781316348
3156809	31	Sudeste	SABINOPOLIS / MINAS GERAIS	SABINOPOLIS (MG)	14240	SABINOPOLIS	MG	MINAS GERAIS	1	7.02247191011236
3158201	31	Sudeste	SANTA MARIA DO SUACUI / MINAS GERAIS	SANTA MARIA DO SUACUI (MG)	12788	SANTA MARIA DO SUACUI	MG	MINAS GERAIS	1	7.81983109164842
3168705	31	Sudeste	TIMOTEO / MINAS GERAIS	TIMOTEO (MG)	81579	TIMOTEO	MG	MINAS GERAIS	15	18.3870849115581
3200102	32	Sudeste	AFONSO CLAUDIO / ESPIRITO SANTO	AFONSO CLAUDIO (ES)	30684	AFONSO CLAUDIO	ES	ESPIRITO SANTO	2	6.5180550123843
3200169	32	Sudeste	AGUA DOCE DO NORTE / ESPIRITO SANTO	AGUA DOCE DO NORTE (ES)	12042	AGUA DOCE DO NORTE	ES	ESPIRITO SANTO	1	8.30426839395449
3200409	32	Sudeste	ANCHIETA / ESPIRITO SANTO	ANCHIETA (ES)	29984	ANCHIETA	ES	ESPIRITO SANTO	31	103.388473852721
3200607	32	Sudeste	ARACRUZ / ESPIRITO SANTO	ARACRUZ (ES)	94765	ARACRUZ	ES	ESPIRITO SANTO	2	2.11048382841767
3200805	32	Sudeste	BAIXO GUANDU / ESPIRITO SANTO	BAIXO GUANDU (ES)	30674	BAIXO GUANDU	ES	ESPIRITO SANTO	2	6.52017995696681
3201159	32	Sudeste	BREJETUBA / ESPIRITO SANTO	BREJETUBA (ES)	12985	BREJETUBA	ES	ESPIRITO SANTO	2	15.4023873700424
3201308	32	Sudeste	CARIACICA / ESPIRITO SANTO	CARIACICA (ES)	353491	CARIACICA	ES	ESPIRITO SANTO	1	0.28289263375871
3201506	32	Sudeste	COLATINA / ESPIRITO SANTO	COLATINA (ES)	120033	COLATINA	ES	ESPIRITO SANTO	44	36.6565861054877
3202207	32	Sudeste	FUNDAO / ESPIRITO SANTO	FUNDAO (ES)	18014	FUNDAO	ES	ESPIRITO SANTO	17	94.3710447429777
3202256	32	Sudeste	GOVERNADOR LINDENBERG / ESPIRITO SANTO	GOVERNADOR LINDENBERG (ES)	11009	GOVERNADOR LINDENBERG	ES	ESPIRITO SANTO	8	72.6678172404396
3202306	32	Sudeste	GUACUI / ESPIRITO SANTO	GUACUI (ES)	29358	GUACUI	ES	ESPIRITO SANTO	1	3.40622658219225
3202454	32	Sudeste	IBATIBA / ESPIRITO SANTO	IBATIBA (ES)	25380	IBATIBA	ES	ESPIRITO SANTO	1	3.94011032308905
3202504	32	Sudeste	IBIRACU / ESPIRITO SANTO	IBIRACU (ES)	11723	IBIRACU	ES	ESPIRITO SANTO	19	162.074554294976
3202702	32	Sudeste	ITAGUACU / ESPIRITO SANTO	ITAGUACU (ES)	13589	ITAGUACU	ES	ESPIRITO SANTO	13	95.6656118919715
3203056	32	Sudeste	JAGUARE / ESPIRITO SANTO	JAGUARE (ES)	28931	JAGUARE	ES	ESPIRITO SANTO	1	3.4564999481525
3203163	32	Sudeste	LARANJA DA TERRA / ESPIRITO SANTO	LARANJA DA TERRA (ES)	11094	LARANJA DA TERRA	ES	ESPIRITO SANTO	101	910.402019109429
3203205	32	Sudeste	LINHARES / ESPIRITO SANTO	LINHARES (ES)	166786	LINHARES	ES	ESPIRITO SANTO	11	6.59527778110873
3203353	32	Sudeste	MARILANDIA / ESPIRITO SANTO	MARILANDIA (ES)	12387	MARILANDIA	ES	ESPIRITO SANTO	5	40.3648986841043
3203403	32	Sudeste	MIMOSO DO SUL / ESPIRITO SANTO	MIMOSO DO SUL (ES)	24475	MIMOSO DO SUL	ES	ESPIRITO SANTO	8	32.6864147088866
3204005	32	Sudeste	PANCAS / ESPIRITO SANTO	PANCAS (ES)	18893	PANCAS	ES	ESPIRITO SANTO	1	5.29296564865294
3204054	32	Sudeste	PEDRO CANARIO / ESPIRITO SANTO	PEDRO CANARIO (ES)	21522	PEDRO CANARIO	ES	ESPIRITO SANTO	1	4.64640832636372
3204203	32	Sudeste	PIUMA / ESPIRITO SANTO	PIUMA (ES)	22300	PIUMA	ES	ESPIRITO SANTO	1	4.48430493273543
3204351	32	Sudeste	RIO BANANAL / ESPIRITO SANTO	RIO BANANAL (ES)	19274	RIO BANANAL	ES	ESPIRITO SANTO	65	337.241880253191
3204559	32	Sudeste	SANTA MARIA DE JETIBA / ESPIRITO SANTO	SANTA MARIA DE JETIBA (ES)	41636	SANTA MARIA DE JETIBA	ES	ESPIRITO SANTO	6	14.4106062061677
3204609	32	Sudeste	SANTA TERESA / ESPIRITO SANTO	SANTA TERESA (ES)	22808	SANTA TERESA	ES	ESPIRITO SANTO	4	17.5377060680463
3204708	32	Sudeste	SAO GABRIEL DA PALHA / ESPIRITO SANTO	SAO GABRIEL DA PALHA (ES)	32252	SAO GABRIEL DA PALHA	ES	ESPIRITO SANTO	23	71.3134069205011
3204906	32	Sudeste	SAO MATEUS / ESPIRITO SANTO	SAO MATEUS (ES)	123752	SAO MATEUS	ES	ESPIRITO SANTO	1	0.808067748400026
3205002	32	Sudeste	SERRA / ESPIRITO SANTO	SERRA (ES)	520653	SERRA	ES	ESPIRITO SANTO	7	1.3444655077374
3205010	32	Sudeste	SOORETAMA / ESPIRITO SANTO	SOORETAMA (ES)	26502	SOORETAMA	ES	ESPIRITO SANTO	4	15.0932005131688
3205101	32	Sudeste	VIANA / ESPIRITO SANTO	VIANA (ES)	73423	VIANA	ES	ESPIRITO SANTO	1	1.36197104449559
3205150	32	Sudeste	VILA PAVAO / ESPIRITO SANTO	VILA PAVAO (ES)	8911	VILA PAVAO	ES	ESPIRITO SANTO	5	56.1104253170239
3205176	32	Sudeste	VILA VALERIO / ESPIRITO SANTO	VILA VALERIO (ES)	13728	VILA VALERIO	ES	ESPIRITO SANTO	3	21.8531468531469
3205200	32	Sudeste	VILA VELHA / ESPIRITO SANTO	VILA VELHA (ES)	467722	VILA VELHA	ES	ESPIRITO SANTO	8	1.71041772676932
3205309	32	Sudeste	VITORIA / ESPIRITO SANTO	VITORIA (ES)	322869	VITORIA	ES	ESPIRITO SANTO	8	2.47778510789206
3300100	33	Sudeste	ANGRA DOS REIS / RIO DE JANEIRO	ANGRA DOS REIS (RJ)	167434	ANGRA DOS REIS	RJ	RIO DE JANEIRO	5	2.98625129901931
3300407	33	Sudeste	BARRA MANSA / RIO DE JANEIRO	BARRA MANSA (RJ)	169894	BARRA MANSA	RJ	RIO DE JANEIRO	2	1.17720460993325
3300605	33	Sudeste	BOM JESUS DO ITABAPOANA / RIO DE JANEIRO	BOM JESUS DO ITABAPOANA (RJ)	35173	BOM JESUS DO ITABAPOANA	RJ	RIO DE JANEIRO	7	19.9016290904956
3300803	33	Sudeste	CACHOEIRAS DE MACACU / RIO DE JANEIRO	CACHOEIRAS DE MACACU (RJ)	56943	CACHOEIRAS DE MACACU	RJ	RIO DE JANEIRO	1	1.7561421070193
3301702	33	Sudeste	DUQUE DE CAXIAS / RIO DE JANEIRO	DUQUE DE CAXIAS (RJ)	808161	DUQUE DE CAXIAS	RJ	RIO DE JANEIRO	1	0.123737720577954
3301850	33	Sudeste	GUAPIMIRIM / RIO DE JANEIRO	GUAPIMIRIM (RJ)	51696	GUAPIMIRIM	RJ	RIO DE JANEIRO	6	11.6063138347261
3301900	33	Sudeste	ITABORAI / RIO DE JANEIRO	ITABORAI (RJ)	224267	ITABORAI	RJ	RIO DE JANEIRO	1	0.445897078036448
3302270	33	Sudeste	JAPERI / RIO DE JANEIRO	JAPERI (RJ)	96289	JAPERI	RJ	RIO DE JANEIRO	3	3.11562068356718
3302502	33	Sudeste	MAGE / RIO DE JANEIRO	MAGE (RJ)	228127	MAGE	RJ	RIO DE JANEIRO	1	0.438352321294717
3302858	33	Sudeste	MESQUITA / RIO DE JANEIRO	MESQUITA (RJ)	167127	MESQUITA	RJ	RIO DE JANEIRO	1	0.598347364579033
3303302	33	Sudeste	NITEROI / RIO DE JANEIRO	NITEROI (RJ)	481749	NITEROI	RJ	RIO DE JANEIRO	2	0.41515394946331
3303401	33	Sudeste	NOVA FRIBURGO / RIO DE JANEIRO	NOVA FRIBURGO (RJ)	189939	NOVA FRIBURGO	RJ	RIO DE JANEIRO	1	0.52648481881025
3303500	33	Sudeste	NOVA IGUACU / RIO DE JANEIRO	NOVA IGUACU (RJ)	785867	NOVA IGUACU	RJ	RIO DE JANEIRO	1	0.127247994889721
3303609	33	Sudeste	PARACAMBI / RIO DE JANEIRO	PARACAMBI (RJ)	41375	PARACAMBI	RJ	RIO DE JANEIRO	1	2.41691842900302
3303856	33	Sudeste	PATY DO ALFERES / RIO DE JANEIRO	PATY DO ALFERES (RJ)	29619	PATY DO ALFERES	RJ	RIO DE JANEIRO	1	3.37621121577366
3303955	33	Sudeste	PINHEIRAL / RIO DE JANEIRO	PINHEIRAL (RJ)	24298	PINHEIRAL	RJ	RIO DE JANEIRO	1	4.11556506708371
3304003	33	Sudeste	PIRAI / RIO DE JANEIRO	PIRAI (RJ)	27474	PIRAI	RJ	RIO DE JANEIRO	26	94.6349275678824
3304524	33	Sudeste	RIO DAS OSTRAS / RIO DE JANEIRO	RIO DAS OSTRAS (RJ)	156491	RIO DAS OSTRAS	RJ	RIO DE JANEIRO	1	0.639014384213789
3304557	33	Sudeste	RIO DE JANEIRO / RIO DE JANEIRO	RIO DE JANEIRO (RJ)	6211223	RIO DE JANEIRO	RJ	RIO DE JANEIRO	17	0.273698110661942
3304904	33	Sudeste	SAO GONCALO / RIO DE JANEIRO	SAO GONCALO (RJ)	896744	SAO GONCALO	RJ	RIO DE JANEIRO	1	0.111514545957375
3305505	33	Sudeste	SAQUAREMA / RIO DE JANEIRO	SAQUAREMA (RJ)	89559	SAQUAREMA	RJ	RIO DE JANEIRO	1	1.11658236469813
3305554	33	Sudeste	SEROPEDICA / RIO DE JANEIRO	SEROPEDICA (RJ)	80596	SEROPEDICA	RJ	RIO DE JANEIRO	1	1.24075636508015
3305802	33	Sudeste	TERESOPOLIS / RIO DE JANEIRO	TERESOPOLIS (RJ)	165123	TERESOPOLIS	RJ	RIO DE JANEIRO	1	0.605609151965504
3306107	33	Sudeste	VALENCA / RIO DE JANEIRO	VALENCA (RJ)	68088	VALENCA	RJ	RIO DE JANEIRO	2	2.93737516155563
3306305	33	Sudeste	VOLTA REDONDA / RIO DE JANEIRO	VOLTA REDONDA (RJ)	261563	VOLTA REDONDA	RJ	RIO DE JANEIRO	1	0.38231707083953
3518404	35	Sudeste	GUARATINGUETA / SAO PAULO	GUARATINGUETA (SP)	118044	GUARATINGUETA	SP	SAO PAULO	2	1.69428348751313
3520442	35	Sudeste	ILHA SOLTEIRA / SAO PAULO	ILHA SOLTEIRA (SP)	25549	ILHA SOLTEIRA	SP	SAO PAULO	1	3.91404751653685
3525904	35	Sudeste	JUNDIAI / SAO PAULO	JUNDIAI (SP)	443221	JUNDIAI	SP	SAO PAULO	1	0.225621078423631
3532405	35	Sudeste	NAZARE PAULISTA / SAO PAULO	NAZARE PAULISTA (SP)	18217	NAZARE PAULISTA	SP	SAO PAULO	1	5.48937805346654
3548500	35	Sudeste	SANTOS / SAO PAULO	SANTOS (SP)	418608	SANTOS	SP	SAO PAULO	1	0.238886977793067
3550308	35	Sudeste	SAO PAULO / SAO PAULO	SAO PAULO (SP)	11451999	SAO PAULO	SP	SAO PAULO	3	0.0261962998774275
4100202	41	Sul	ADRIANOPOLIS / PARANA	ADRIANOPOLIS (PR)	6256	ADRIANOPOLIS	PR	PARANA	1	15.9846547314578
4100509	41	Sul	ALTONIA / PARANA	ALTONIA (PR)	18742	ALTONIA	PR	PARANA	1	5.33560986020702
4101408	41	Sul	APUCARANA / PARANA	APUCARANA (PR)	130134	APUCARANA	PR	PARANA	1	0.768438686277222
4105508	41	Sul	CIANORTE / PARANA	CIANORTE (PR)	79527	CIANORTE	PR	PARANA	1	1.25743458196587
4106902	41	Sul	CURITIBA / PARANA	CURITIBA (PR)	1773718	CURITIBA	PR	PARANA	1	0.0563787479182147
4108304	41	Sul	FOZ DO IGUACU / PARANA	FOZ DO IGUACU (PR)	285415	FOZ DO IGUACU	PR	PARANA	1	0.350367009442391
4109906	41	Sul	ICARAIMA / PARANA	ICARAIMA (PR)	8991	ICARAIMA	PR	PARANA	1	11.1222333444556
4114104	41	Sul	MANDAGUACU / PARANA	MANDAGUACU (PR)	31457	MANDAGUACU	PR	PARANA	1	3.17894268366341
4125753	41	Sul	SAO PEDRO DO IGUACU / PARANA	SAO PEDRO DO IGUACU (PR)	5784	SAO PEDRO DO IGUACU	PR	PARANA	1	17.2890733056708
4128203	41	Sul	UNIAO DA VITORIA / PARANA	UNIAO DA VITORIA (PR)	55033	UNIAO DA VITORIA	PR	PARANA	1	1.81709156324387
4200507	42	Sul	AGUAS DE CHAPECO / SANTA CATARINA	AGUAS DE CHAPECO (SC)	6036	AGUAS DE CHAPECO	SC	SANTA CATARINA	1	16.5672630881378
4201208	42	Sul	ANTONIO CARLOS / SANTA CATARINA	ANTONIO CARLOS (SC)	11224	ANTONIO CARLOS	SC	SANTA CATARINA	2	17.8189593727726
4202206	42	Sul	BENEDITO NOVO / SANTA CATARINA	BENEDITO NOVO (SC)	10520	BENEDITO NOVO	SC	SANTA CATARINA	1	9.50570342205323
4202404	42	Sul	BLUMENAU / SANTA CATARINA	BLUMENAU (SC)	361261	BLUMENAU	SC	SANTA CATARINA	9	2.49127362211808
4202701	42	Sul	BOTUVERA / SANTA CATARINA	BOTUVERA (SC)	5363	BOTUVERA	SC	SANTA CATARINA	36	671.266082416558
4202909	42	Sul	BRUSQUE / SANTA CATARINA	BRUSQUE (SC)	141385	BRUSQUE	SC	SANTA CATARINA	8	5.6583088729356
4203709	42	Sul	CANELINHA / SANTA CATARINA	CANELINHA (SC)	12821	CANELINHA	SC	SANTA CATARINA	1	7.79970361126277
4204509	42	Sul	CORUPA / SANTA CATARINA	CORUPA (SC)	15267	CORUPA	SC	SANTA CATARINA	3	19.6502259775987
4206306	42	Sul	GUABIRUBA / SANTA CATARINA	GUABIRUBA (SC)	24543	GUABIRUBA	SC	SANTA CATARINA	1	4.0744815222263
4206504	42	Sul	GUARAMIRIM / SANTA CATARINA	GUARAMIRIM (SC)	46711	GUARAMIRIM	SC	SANTA CATARINA	1	2.14082336066451
4207106	42	Sul	ILHOTA / SANTA CATARINA	ILHOTA (SC)	17046	ILHOTA	SC	SANTA CATARINA	6	35.1988736360436
4208104	42	Sul	ITAIOPOLIS / SANTA CATARINA	ITAIOPOLIS (SC)	22051	ITAIOPOLIS	SC	SANTA CATARINA	1	4.53494172599882
4208906	42	Sul	JARAGUA DO SUL / SANTA CATARINA	JARAGUA DO SUL (SC)	182660	JARAGUA DO SUL	SC	SANTA CATARINA	1	0.547465235957517
4210001	42	Sul	LUIZ ALVES / SANTA CATARINA	LUIZ ALVES (SC)	11684	LUIZ ALVES	SC	SANTA CATARINA	87	744.608010955152
4213203	42	Sul	POMERODE / SANTA CATARINA	POMERODE (SC)	34289	POMERODE	SC	SANTA CATARINA	1	2.91638717956196
4217105	42	Sul	SAO MARTINHO / SANTA CATARINA	SAO MARTINHO (SC)	3405	SAO MARTINHO	SC	SANTA CATARINA	1	29.3685756240822
4217402	42	Sul	SCHROEDER / SANTA CATARINA	SCHROEDER (SC)	20061	SCHROEDER	SC	SANTA CATARINA	7	34.8935745974777
4218004	42	Sul	TIJUCAS / SANTA CATARINA	TIJUCAS (SC)	51592	TIJUCAS	SC	SANTA CATARINA	2	3.8765700108544
4311007	43	Sul	JAGUARAO / RIO GRANDE DO SUL	JAGUARAO (RS)	26603	JAGUARAO	RS	RIO GRANDE DO SUL	1	3.75897455174229
4314902	43	Sul	PORTO ALEGRE / RIO GRANDE DO SUL	PORTO ALEGRE (RS)	1332845	PORTO ALEGRE	RS	RIO GRANDE DO SUL	1	0.0750274788141157
5002704	50	Centro Oeste	CAMPO GRANDE / MATO GROSSO DO SUL	CAMPO GRANDE (MS)	898100	CAMPO GRANDE	MS	MATO GROSSO DO SUL	5	0.556730876294399
5007901	50	Centro Oeste	SIDROLANDIA / MATO GROSSO DO SUL	SIDROLANDIA (MS)	47118	SIDROLANDIA	MS	MATO GROSSO DO SUL	2	4.24466233711108
5100805	51	Centro Oeste	APIACAS / MATO GROSSO	APIACAS (MT)	8590	APIACAS	MT	MATO GROSSO	1	11.6414435389988
5101407	51	Centro Oeste	ARIPUANA / MATO GROSSO	ARIPUANA (MT)	24626	ARIPUANA	MT	MATO GROSSO	1	4.0607488020791
5102678	51	Centro Oeste	CAMPO VERDE / MATO GROSSO	CAMPO VERDE (MT)	44585	CAMPO VERDE	MT	MATO GROSSO	2	4.48581361444432
5103205	51	Centro Oeste	COLIDER / MATO GROSSO	COLIDER (MT)	31370	COLIDER	MT	MATO GROSSO	1	3.18775900541919
5103254	51	Centro Oeste	COLNIZA / MATO GROSSO	COLNIZA (MT)	25766	COLNIZA	MT	MATO GROSSO	2	7.76216719708142
5103403	51	Centro Oeste	CUIABA / MATO GROSSO	CUIABA (MT)	650877	CUIABA	MT	MATO GROSSO	2	0.307277719138946
5104104	51	Centro Oeste	GUARANTA DO NORTE / MATO GROSSO	GUARANTA DO NORTE (MT)	31024	GUARANTA DO NORTE	MT	MATO GROSSO	3	9.66993295513151
5105259	51	Centro Oeste	LUCAS DO RIO VERDE / MATO GROSSO	LUCAS DO RIO VERDE (MT)	83798	LUCAS DO RIO VERDE	MT	MATO GROSSO	1	1.19334590324351
5106000	51	Centro Oeste	NORTELANDIA / MATO GROSSO	NORTELANDIA (MT)	5956	NORTELANDIA	MT	MATO GROSSO	1	16.7897918065816
5106299	51	Centro Oeste	PARANAITA / MATO GROSSO	PARANAITA (MT)	11671	PARANAITA	MT	MATO GROSSO	1	8.56824608002742
5106372	51	Centro Oeste	PEDRA PRETA / MATO GROSSO	PEDRA PRETA (MT)	18066	PEDRA PRETA	MT	MATO GROSSO	1	5.53525960367541
5106752	51	Centro Oeste	PONTES E LACERDA / MATO GROSSO	PONTES E LACERDA (MT)	52018	PONTES E LACERDA	MT	MATO GROSSO	3	5.76723441885501
5107578	51	Centro Oeste	RONDOLANDIA / MATO GROSSO	RONDOLANDIA (MT)	3505	RONDOLANDIA	MT	MATO GROSSO	1	28.5306704707561
5107602	51	Centro Oeste	RONDONOPOLIS / MATO GROSSO	RONDONOPOLIS (MT)	244911	RONDONOPOLIS	MT	MATO GROSSO	1	0.408311590741126
5107701	51	Centro Oeste	ROSARIO OESTE / MATO GROSSO	ROSARIO OESTE (MT)	15453	ROSARIO OESTE	MT	MATO GROSSO	12	77.65482430596
5107925	51	Centro Oeste	SORRISO / MATO GROSSO	SORRISO (MT)	110635	SORRISO	MT	MATO GROSSO	1	0.903873096217291
5107958	51	Centro Oeste	TANGARA DA SERRA / MATO GROSSO	TANGARA DA SERRA (MT)	106434	TANGARA DA SERRA	MT	MATO GROSSO	3	2.81864817633463
5108402	51	Centro Oeste	VARZEA GRANDE / MATO GROSSO	VARZEA GRANDE (MT)	300078	VARZEA GRANDE	MT	MATO GROSSO	1	0.333246689194143
5201405	52	Centro Oeste	APARECIDA DE GOIANIA / GOIAS	APARECIDA DE GOIANIA (GO)	527796	APARECIDA DE GOIANIA	GO	GOIAS	2	0.378934285216258
5203302	52	Centro Oeste	BELA VISTA DE GOIAS / GOIAS	BELA VISTA DE GOIAS (GO)	34445	BELA VISTA DE GOIAS	GO	GOIAS	1	2.90317898098418
5204508	52	Centro Oeste	CALDAS NOVAS / GOIAS	CALDAS NOVAS (GO)	98622	CALDAS NOVAS	GO	GOIAS	2	2.02794508324715
5205455	52	Centro Oeste	CEZARINA / GOIAS	CEZARINA (GO)	8090	CEZARINA	GO	GOIAS	1	12.3609394313968
5206206	52	Centro Oeste	CRISTALINA / GOIAS	CRISTALINA (GO)	62337	CRISTALINA	GO	GOIAS	1	1.6041837111186
5211909	52	Centro Oeste	JATAI / GOIAS	JATAI (GO)	105729	JATAI	GO	GOIAS	6	5.67488579292342
5215801	52	Centro Oeste	PALMELO / GOIAS	PALMELO (GO)	2259	PALMELO	GO	GOIAS	1	44.2673749446658
5300108	53	Centro Oeste	BRASILIA / DISTRITO FEDERAL	BRASILIA (DF)	2817381	BRASILIA	DF	DISTRITO FEDERAL	1	0.035493956976355
